No,M,AoA,Cl,Cd,Cp
1,0.727928,2.449037,0.740129,0.01333,-0.91155
2,0.736393,2.389265,0.736667,0.015423,-1.218775
3,0.731969,2.251332,0.709717,0.013156,-1.122496
4,0.735015,2.388274,0.736197,0.014977,-1.21458
5,0.725872,2.448004,0.73706,0.012857,-0.697603
6,0.721882,2.564357,0.751311,0.012702,-0.599242
7,0.729243,2.176036,0.691961,0.012159,-0.801678
8,0.734136,1.964393,0.660643,0.012062,-1.072988
9,0.731363,2.012413,0.665423,0.011775,-0.870835
10,0.728786,2.614255,0.769209,0.014712,-1.107719
11,0.726741,1.887703,0.633946,0.01077,-0.663396
12,0.726011,2.19676,0.690496,0.011721,-0.616248
13,0.724361,2.281824,0.703299,0.011824,-0.615351
14,0.732205,2.056518,0.675187,0.012134,-0.9971
15,0.729013,2.295714,0.713965,0.012721,-0.892649
16,0.727994,2.580347,0.763591,0.01425,-1.010584
17,0.729471,2.35844,0.725778,0.013179,-0.983151
18,0.735867,2.556189,0.764529,0.016674,-1.248297
19,0.72912,1.98155,0.655887,0.011307,-0.652283
20,0.732072,2.558255,0.762953,0.015344,-1.228803
21,0.725274,2.51351,0.747894,0.0131,-0.683122
22,0.733317,1.913417,0.6501,0.011674,-0.976848
23,0.720082,2.360993,0.709941,0.011586,-0.667494
24,0.728124,2.274054,0.708268,0.012426,-0.771577
25,0.729566,2.22374,0.701677,0.012455,-0.885346
26,0.727017,2.050053,0.665096,0.011293,-0.624995
27,0.729846,1.909636,0.643561,0.01114,-0.659962
28,0.745082,2.537163,0.760247,0.020221,-1.245445
29,0.729036,2.274923,0.710291,0.012615,-0.878665
30,0.736892,2.125506,0.693065,0.01369,-1.170492
31,0.733366,2.145893,0.693014,0.01287,-1.127022
32,0.731093,2.130858,0.686637,0.01229,-0.95141
33,0.726341,2.382709,0.725497,0.012623,-0.681253
34,0.724012,1.845419,0.620786,0.01051,-0.718672
35,0.724369,2.120062,0.673282,0.01124,-0.649472
36,0.728679,2.108918,0.678935,0.011757,-0.684556
37,0.728793,2.171268,0.690482,0.012056,-0.746694
38,0.721413,2.35062,0.710634,0.011701,-0.647596
39,0.725321,2.318826,0.711838,0.012128,-0.61461
40,0.724498,2.454901,0.735798,0.012633,-0.616015
41,0.737386,2.276318,0.718526,0.014892,-1.20102
42,0.730898,2.254997,0.709452,0.01291,-1.037471
43,0.726652,2.279276,0.706804,0.012177,-0.651281
44,0.731846,2.491158,0.750579,0.014703,-1.202539
45,0.72882,2.320935,0.718214,0.012813,-0.894262
46,0.732045,2.085903,0.68032,0.012253,-1.008836
47,0.74015,2.525133,0.760147,0.018061,-1.246417
48,0.728582,2.333978,0.72032,0.012832,-0.88402
49,0.734696,1.78703,0.628563,0.011373,-0.994556
50,0.73604,2.177495,0.700895,0.013782,-1.176677
51,0.727127,2.168427,0.687282,0.011769,-0.63302
52,0.735283,1.966352,0.662761,0.0123,-1.10856
53,0.725672,2.557049,0.756388,0.013447,-0.755004
54,0.723831,2.468403,0.736987,0.01257,-0.604155
55,0.735054,2.533528,0.760142,0.016164,-1.242271
56,0.731415,2.23479,0.706148,0.012922,-1.077386
57,0.723725,2.771517,0.791517,0.014473,-0.701661
58,0.72181,2.380991,0.717148,0.011864,-0.634094
59,0.729895,2.181301,0.694463,0.012306,-0.880546
60,0.728985,2.285956,0.712205,0.012663,-0.88272
61,0.73201,2.542848,0.76022,0.015197,-1.224094
62,0.731648,2.199365,0.700177,0.012776,-1.070003
63,0.723214,2.640487,0.767637,0.013404,-0.618737
64,0.728476,2.362486,0.725339,0.01297,-0.896079
65,0.727805,2.187073,0.691681,0.011955,-0.670442
66,0.725537,2.195679,0.689539,0.01165,-0.616984
67,0.721484,2.424207,0.724599,0.011991,-0.630434
68,0.730604,2.137491,0.687209,0.012229,-0.908786
69,0.732694,2.422621,0.740373,0.014494,-1.202052
70,0.721061,2.47694,0.733624,0.012148,-0.626283
71,0.719533,1.968965,0.63568,0.010568,-0.731534
72,0.725168,2.006474,0.653488,0.010966,-0.663257
73,0.726685,2.429108,0.734631,0.012936,-0.757421
74,0.728652,2.278399,0.71053,0.012544,-0.857372
75,0.731067,2.146293,0.689983,0.012355,-0.959009
76,0.73189,2.393628,0.734746,0.014049,-1.178117
77,0.724814,2.31768,0.710851,0.012042,-0.610278
78,0.727972,2.413628,0.733984,0.013137,-0.893944
79,0.732888,1.946655,0.655558,0.011746,-0.963409
80,0.732377,2.412392,0.738515,0.014329,-1.195279
81,0.729761,2.046338,0.669096,0.011659,-0.73341
82,0.731663,2.285064,0.71539,0.013289,-1.125233
83,0.738581,2.247691,0.714436,0.015072,-1.198637
84,0.730055,2.224474,0.702497,0.012552,-0.927329
85,0.733259,2.743198,0.793812,0.017462,-1.278074
86,0.730501,2.459491,0.745084,0.014113,-1.157752
87,0.722804,2.414258,0.72519,0.012143,-0.612642
88,0.728934,2.503431,0.751157,0.013969,-1.051044
89,0.732118,2.428083,0.740263,0.014322,-1.18973
90,0.725445,2.166561,0.683823,0.011525,-0.621691
91,0.722121,2.308499,0.704224,0.011635,-0.644533
92,0.735787,2.457338,0.747698,0.015767,-1.229791
93,0.72913,2.343067,0.72255,0.013003,-0.934433
94,0.722668,1.949468,0.637921,0.01066,-0.717705
95,0.724574,2.169195,0.682846,0.011431,-0.634404
96,0.726256,2.283982,0.707174,0.012132,-0.63531
97,0.727061,2.241263,0.700444,0.012074,-0.656004
98,0.728319,2.02906,0.663497,0.011381,-0.636491
99,0.733801,2.103446,0.685959,0.012731,-1.124926
100,0.741109,2.370721,0.735694,0.017007,-1.222386
101,0.727713,2.014475,0.659576,0.01125,-0.626355
102,0.725953,1.976967,0.649311,0.010948,-0.656696
103,0.724321,2.446191,0.733697,0.012553,-0.60985
104,0.729529,2.386078,0.730897,0.013359,-1.013783
105,0.721141,2.317508,0.703999,0.011556,-0.65892
106,0.732642,2.086831,0.681119,0.012377,-1.059605
107,0.720546,2.468765,0.731053,0.012041,-0.636795
108,0.726437,2.327196,0.715255,0.012364,-0.659352
109,0.731831,2.069583,0.676706,0.012134,-0.971728
110,0.731931,2.383525,0.732998,0.01399,-1.175733
111,0.733896,2.130671,0.690629,0.012914,-1.13725
112,0.730298,2.765991,0.795759,0.016539,-1.257862
113,0.726358,2.066019,0.666829,0.011272,-0.628594
114,0.736835,2.335856,0.727988,0.015152,-1.210141
115,0.73043,2.475164,0.747789,0.014205,-1.161846
116,0.72658,2.504637,0.747983,0.013353,-0.803016
117,0.726706,2.460718,0.740464,0.013119,-0.784169
118,0.725106,2.521765,0.749044,0.013107,-0.675334
119,0.7253,1.986801,0.649985,0.01092,-0.665756
120,0.739047,2.649841,0.779558,0.018847,-1.266331
121,0.728378,2.411751,0.734001,0.013226,-0.915394
122,0.731555,2.162047,0.693455,0.012555,-1.030466
123,0.733191,2.315257,0.722309,0.01389,-1.180437
124,0.729417,2.219615,0.700755,0.012403,-0.868291
125,0.738933,2.578534,0.768858,0.018099,-1.255116
126,0.723986,2.129229,0.67433,0.011231,-0.653713
127,0.727891,2.041254,0.664958,0.01137,-0.62818
128,0.734425,2.59822,0.770741,0.016519,-1.25312
129,0.725915,1.998106,0.653234,0.011005,-0.652371
130,0.725423,2.322583,0.712775,0.012163,-0.617101
131,0.730691,2.721185,0.788832,0.016264,-1.250793
132,0.72897,2.341752,0.722174,0.012956,-0.91767
133,0.725217,2.438467,0.734138,0.01268,-0.64441
134,0.724868,2.355195,0.717763,0.012215,-0.610784
135,0.733737,2.340555,0.727491,0.014237,-1.194125
136,0.723231,2.311436,0.706882,0.011786,-0.625727
137,0.730715,1.974935,0.657267,0.011508,-0.767415
138,0.723156,2.004705,0.649269,0.010812,-0.698185
139,0.725694,2.312981,0.711594,0.012167,-0.622827
140,0.732435,1.933464,0.652248,0.011607,-0.904067
141,0.723701,2.233921,0.693212,0.011557,-0.634674
142,0.728252,2.215376,0.697814,0.012166,-0.731908
143,0.733666,2.229526,0.707568,0.013462,-1.162843
144,0.724438,2.635441,0.768445,0.013673,-0.682724
145,0.72809,2.085407,0.673545,0.011568,-0.644029
146,0.728551,2.50181,0.75016,0.013853,-1.002857
147,0.729615,2.258189,0.707877,0.012645,-0.917203
148,0.730342,2.344971,0.724496,0.013301,-1.049029
149,0.727423,2.31834,0.715702,0.012504,-0.749079
150,0.732909,2.267556,0.71342,0.013484,-1.154904
151,0.724461,2.36052,0.718185,0.012173,-0.608244
152,0.734927,2.645258,0.778043,0.017125,-1.262631
153,0.726944,1.720663,0.602748,0.010401,-0.697071
154,0.73231,2.17345,0.69614,0.012779,-1.095881
155,0.743255,2.367883,0.735433,0.017828,-1.222369
156,0.728322,2.46364,0.742732,0.013525,-0.94477
157,0.726667,2.094016,0.672694,0.011411,-0.621916
158,0.726783,2.473326,0.742643,0.013207,-0.801126
159,0.720193,2.390236,0.715743,0.011701,-0.659367
160,0.725104,2.353533,0.717856,0.012245,-0.614399
161,0.730282,2.359415,0.726923,0.013373,-1.053649
162,0.731152,2.365002,0.728786,0.01365,-1.14009
163,0.723668,1.97237,0.644129,0.010766,-0.697249
164,0.722221,2.444011,0.729712,0.012182,-0.615312
165,0.726269,2.000766,0.654446,0.011048,-0.644937
166,0.73655,2.148938,0.696773,0.013746,-1.173716
167,0.73198,2.379317,0.732312,0.013975,-1.175358
168,0.731306,2.375807,0.731112,0.013765,-1.155466
169,0.724794,2.445214,0.734612,0.012639,-0.624521
170,0.72089,2.210985,0.683542,0.011203,-0.686882
171,0.721296,2.347949,0.709903,0.011678,-0.650093
172,0.724662,2.30384,0.708098,0.01196,-0.611015
173,0.732464,2.541753,0.760408,0.015336,-1.229073
174,0.727194,2.178675,0.689261,0.011822,-0.638661
175,0.724202,2.263258,0.699589,0.01173,-0.620529
176,0.733434,2.369777,0.732377,0.014357,-1.198122
177,0.730455,1.88173,0.639439,0.011123,-0.677883
178,0.735938,2.403694,0.738791,0.015383,-1.220197
179,0.737112,2.0681,0.683303,0.013374,-1.159475
180,0.727345,2.307793,0.713549,0.012445,-0.722693
181,0.725851,2.264718,0.702781,0.011978,-0.617941
182,0.73122,2.321594,0.721071,0.013389,-1.119057
183,0.727086,2.292817,0.710157,0.012322,-0.683117
184,0.715663,2.321439,0.693761,0.011138,-0.724927
185,0.739225,2.465472,0.751018,0.01715,-1.236936
186,0.72824,2.611342,0.768757,0.014542,-1.059303
187,0.729438,2.309285,0.716877,0.012882,-0.937673
188,0.730988,2.488896,0.750313,0.014454,-1.188593
189,0.735143,2.515815,0.757253,0.016042,-1.23917
190,0.734201,2.193528,0.702289,0.013385,-1.161389
191,0.727962,2.592202,0.765675,0.014333,-1.017058
192,0.723357,2.326858,0.709971,0.011863,-0.620641
193,0.73728,2.369049,0.734462,0.015599,-1.21772
194,0.725728,2.088141,0.669837,0.011278,-0.633524
195,0.728197,2.456142,0.741464,0.013449,-0.929427
196,0.733493,2.387141,0.734786,0.014473,-1.202279
197,0.73547,2.313178,0.723796,0.014562,-1.201687
198,0.725578,2.571217,0.758711,0.013515,-0.750875
199,0.720659,2.201441,0.681282,0.011159,-0.692646
200,0.71919,2.306064,0.697956,0.011336,-0.692532
201,0.732673,2.631507,0.77499,0.016162,-1.251547
202,0.723934,2.043685,0.6581,0.010969,-0.675842
203,0.739157,2.342604,0.730751,0.016038,-1.216213
204,0.728905,2.356146,0.724688,0.013026,-0.923027
205,0.735104,2.219103,0.707092,0.013778,-1.177379
206,0.726554,2.050419,0.664244,0.011239,-0.629116
207,0.716707,2.688576,0.764348,0.012473,-0.650094
208,0.728364,2.506595,0.750549,0.013826,-0.98344
209,0.726809,1.923262,0.640843,0.010872,-0.653797
210,0.730129,2.336315,0.723071,0.013206,-1.03725
211,0.733945,2.363956,0.731173,0.014436,-1.201575
212,0.722549,2.291497,0.701796,0.011623,-0.640945
213,0.734027,2.011672,0.669511,0.012266,-1.085239
214,0.734628,2.401525,0.737922,0.014943,-1.215322
215,0.721135,2.21482,0.684672,0.011232,-0.681909
216,0.728078,2.283656,0.709957,0.012465,-0.775833
217,0.729189,2.209214,0.698148,0.012313,-0.831339
218,0.72499,2.134801,0.677281,0.011356,-0.634964
219,0.726638,2.61835,0.768738,0.014142,-0.900317
220,0.726904,2.353042,0.721319,0.012577,-0.723392
221,0.731996,2.336751,0.724966,0.013696,-1.162026
222,0.734772,2.405016,0.738825,0.015025,-1.216882
223,0.728433,2.316365,0.717003,0.012692,-0.867023
224,0.725416,2.198595,0.689856,0.011644,-0.617383
225,0.718912,2.331457,0.702134,0.011385,-0.691608
226,0.72654,2.016934,0.657888,0.011125,-0.63647
227,0.729088,2.319627,0.718298,0.012865,-0.916464
228,0.73718,2.561128,0.765229,0.017211,-1.250496
229,0.72071,2.021418,0.647714,0.010717,-0.724872
230,0.734671,2.473782,0.750472,0.015539,-1.230074
231,0.725057,2.116514,0.673957,0.0113,-0.638297
232,0.728355,2.668323,0.778028,0.015011,-1.106363
233,0.73474,2.167344,0.698342,0.013364,-1.161433
234,0.724934,1.980243,0.648004,0.010872,-0.674048
235,0.72412,2.093615,0.667883,0.011131,-0.660389
236,0.731883,2.174625,0.695991,0.012689,-1.069189
237,0.729951,2.423576,0.737698,0.013692,-1.0759
238,0.730908,2.44579,0.743292,0.014144,-1.170754
239,0.736804,2.30445,0.72253,0.014898,-1.204188
240,0.724329,2.439925,0.732504,0.012521,-0.609237
241,0.732308,2.000412,0.664545,0.011888,-0.953085
242,0.724177,2.27605,0.701896,0.011776,-0.618569
243,0.736715,2.568117,0.766623,0.017109,-1.251491
244,0.730462,2.123659,0.684574,0.012136,-0.883408
245,0.722873,2.289468,0.701956,0.011654,-0.63624
246,0.729181,2.544203,0.758238,0.014321,-1.098523
247,0.737776,2.692886,0.786699,0.018778,-1.273431
248,0.735229,2.174216,0.699565,0.013524,-1.167894
249,0.723064,2.43394,0.72916,0.012269,-0.606675
250,0.732286,2.233242,0.707109,0.013133,-1.128689
251,0.725138,2.507443,0.746534,0.01303,-0.671715
252,0.730703,2.60305,0.768977,0.015232,-1.21804
253,0.729616,2.04483,0.668654,0.011631,-0.718609
254,0.727132,2.227482,0.698064,0.012025,-0.654097
255,0.728267,2.110643,0.678423,0.011698,-0.661117
256,0.725832,2.205188,0.691748,0.011728,-0.615644
257,0.731494,2.132936,0.688143,0.01238,-0.996656
258,0.723257,2.368563,0.717475,0.012017,-0.614598
259,0.730962,1.67104,0.600674,0.010549,-0.651266
260,0.7294,2.149956,0.687515,0.012063,-0.794561
261,0.717805,2.319255,0.697624,0.011266,-0.709882
262,0.725073,2.474281,0.740393,0.012837,-0.649609
263,0.737705,2.153664,0.698194,0.0141,-1.179136
264,0.729839,2.148111,0.688134,0.012138,-0.844643
265,0.722528,2.098981,0.6658,0.011014,-0.686516
266,0.719432,2.172646,0.673447,0.010998,-0.715389
267,0.725645,2.49971,0.74611,0.013104,-0.708711
268,0.728109,2.373349,0.726821,0.012935,-0.878165
269,0.729336,2.237612,0.703973,0.012484,-0.876293
270,0.736506,2.053043,0.679599,0.013106,-1.151463
271,0.724595,2.187567,0.686296,0.011499,-0.629801
272,0.725618,2.337404,0.716029,0.012267,-0.626311
273,0.729702,2.516794,0.75394,0.014269,-1.119793
274,0.722383,2.410815,0.723828,0.012065,-0.619259
275,0.721652,2.433381,0.726514,0.012049,-0.626098
276,0.724645,1.938467,0.639576,0.010746,-0.688473
277,0.72637,2.122472,0.677493,0.011479,-0.620339
278,0.723465,2.493313,0.741074,0.012629,-0.601596
279,0.734884,2.287458,0.718898,0.014186,-1.191313
280,0.726026,2.248278,0.700056,0.011935,-0.619174
281,0.726103,2.223609,0.695597,0.011844,-0.617793
282,0.727764,2.232357,0.700163,0.012155,-0.698073
283,0.733993,2.495998,0.753367,0.015463,-1.230142
284,0.734871,2.299029,0.720582,0.014248,-1.193379
285,0.734382,2.510569,0.756523,0.015747,-1.236316
286,0.728436,2.478886,0.745389,0.013651,-0.966612
287,0.728538,2.644905,0.774254,0.014878,-1.10763
288,0.724791,2.221588,0.692863,0.011648,-0.620163
289,0.726569,2.231343,0.697997,0.011951,-0.631348
290,0.721235,2.169938,0.67654,0.011115,-0.690827
291,0.724089,2.060858,0.661616,0.011031,-0.669293
292,0.732509,2.21625,0.704413,0.013086,-1.129631
293,0.731778,2.463904,0.746048,0.014482,-1.195912
294,0.731523,2.057225,0.673775,0.012013,-0.925421
295,0.735001,2.343301,0.728201,0.014623,-1.205272
296,0.726472,2.161214,0.684738,0.011641,-0.618553
297,0.724033,2.458668,0.73551,0.012561,-0.605965
298,0.727796,2.719982,0.786487,0.015274,-1.092439
299,0.729879,2.147637,0.688161,0.012145,-0.848713
300,0.725375,2.329409,0.713964,0.012186,-0.617071
301,0.736754,2.273502,0.717324,0.014654,-1.19827
302,0.730854,2.197614,0.698892,0.012586,-0.982914
303,0.735178,2.371337,0.733443,0.014901,-1.211887
304,0.732337,2.420611,0.739736,0.014368,-1.196709
305,0.730111,2.380237,0.730477,0.013461,-1.061601
306,0.728335,1.94426,0.647438,0.011081,-0.631048
307,0.730204,2.119008,0.683408,0.012068,-0.854791
308,0.740731,2.322388,0.727809,0.016443,-1.214619
309,0.724898,2.190907,0.687394,0.011548,-0.624531
310,0.731919,2.20283,0.700936,0.012857,-1.090645
311,0.730768,2.266268,0.711204,0.012939,-1.029671
312,0.7312,2.70129,0.786282,0.016289,-1.254668
313,0.729263,2.038916,0.666877,0.011551,-0.682238
314,0.729745,2.570518,0.762725,0.014677,-1.166127
315,0.729633,2.23915,0.704504,0.01255,-0.904014
316,0.72406,2.208785,0.689237,0.01151,-0.634209
317,0.731026,2.335094,0.72323,0.013423,-1.114497
318,0.728532,2.562755,0.761212,0.014283,-1.056683
319,0.729737,2.539475,0.757554,0.014436,-1.149191
320,0.721789,2.437668,0.727569,0.012089,-0.623176
321,0.732938,2.104904,0.684842,0.012541,-1.090692
322,0.723989,2.359851,0.717267,0.012094,-0.608789
323,0.731757,2.156366,0.692621,0.012566,-1.043722
324,0.727218,2.443626,0.738011,0.013138,-0.828958
325,0.721196,2.249841,0.691366,0.011345,-0.673236
326,0.727832,2.256145,0.704708,0.012285,-0.725781
327,0.741553,1.862025,0.650637,0.013252,-1.135044
328,0.724212,2.416594,0.72808,0.012388,-0.606504
329,0.728138,2.225235,0.699466,0.012193,-0.729276
330,0.724858,2.500419,0.744799,0.012936,-0.64757
331,0.733619,2.374188,0.732773,0.014419,-1.200647
332,0.730865,2.472066,0.74776,0.014314,-1.179704
333,0.735515,2.202001,0.704702,0.013787,-1.178502
334,0.727514,2.675391,0.778595,0.014815,-1.023666
335,0.728697,2.373028,0.727482,0.013075,-0.916099
336,0.728464,2.409056,0.733563,0.01323,-0.920903
337,0.732782,2.824144,0.8061,0.018084,-1.291755
338,0.72518,2.160209,0.682261,0.011467,-0.626421
339,0.725048,2.590383,0.761393,0.013525,-0.709569
340,0.730781,2.26515,0.711005,0.012936,-1.030036
341,0.735923,2.464512,0.749102,0.015877,-1.231522
342,0.733188,2.60013,0.770259,0.016066,-1.24819
343,0.733972,2.466846,0.748203,0.015216,-1.223943
344,0.732088,2.294455,0.717836,0.013456,-1.149684
345,0.731436,2.192421,0.6986,0.012691,-1.043516
346,0.736267,2.345792,0.729271,0.015041,-1.210357
347,0.730934,2.554588,0.76112,0.01492,-1.208468
348,0.733454,2.15317,0.694197,0.012926,-1.128915
349,0.729379,2.410243,0.735092,0.013475,-1.019095
350,0.735326,2.227729,0.708966,0.013905,-1.182373
351,0.725717,2.294066,0.708052,0.012086,-0.619518
352,0.73408,2.097026,0.684931,0.012761,-1.129771
353,0.731617,2.3576,0.728255,0.013731,-1.159104
354,0.728731,2.157475,0.68806,0.011983,-0.730477
355,0.723768,2.364579,0.71763,0.012078,-0.609631
356,0.731627,2.230814,0.705579,0.012949,-1.089474
357,0.720487,2.335214,0.705964,0.011546,-0.666359
358,0.724524,2.121773,0.673848,0.01126,-0.646512
359,0.722062,2.051396,0.655916,0.010857,-0.705635
360,0.726747,2.256822,0.702864,0.012091,-0.647264
361,0.739586,2.349534,0.73257,0.016281,-1.218369
362,0.726609,2.282933,0.707414,0.012186,-0.65067
363,0.727447,2.316755,0.715443,0.0125,-0.750249
364,0.725463,2.279582,0.704811,0.01198,-0.613605
365,0.73187,2.328088,0.723448,0.013611,-1.155885
366,0.724687,2.366517,0.719569,0.012236,-0.609379
367,0.732827,2.384901,0.734413,0.014281,-1.194515
368,0.736628,2.70256,0.787426,0.018373,-1.274127
369,0.722236,2.323545,0.707237,0.011703,-0.639173
370,0.732726,2.065004,0.677326,0.012284,-1.049077
371,0.736304,2.179945,0.701819,0.013883,-1.178748
372,0.723386,2.648068,0.769338,0.01349,-0.629202
373,0.731441,2.028677,0.668465,0.011861,-0.891663
374,0.727488,2.141571,0.682993,0.01171,-0.638769
375,0.72361,2.494436,0.741464,0.012664,-0.602723
376,0.728747,1.936101,0.646692,0.011102,-0.633545
377,0.728162,2.427619,0.73666,0.013267,-0.911572
378,0.731408,2.220857,0.703737,0.01284,-1.066989
379,0.742359,2.523537,0.759503,0.018946,-1.245626
380,0.729104,2.272164,0.709865,0.012614,-0.882543
381,0.729673,2.604227,0.768578,0.014924,-1.180897
382,0.732025,2.587936,0.767982,0.015575,-1.235787
383,0.729971,2.453034,0.74279,0.013887,-1.08569
384,0.72755,2.344134,0.72042,0.012656,-0.784198
385,0.7295,2.553769,0.759462,0.014451,-1.120466
386,0.726933,2.488381,0.745614,0.013342,-0.831993
387,0.726977,1.985413,0.652782,0.01107,-0.636358
388,0.733169,2.242167,0.709313,0.013406,-1.15827
389,0.729865,2.240203,0.704954,0.012597,-0.924952
390,0.727357,2.362781,0.723585,0.012718,-0.77852
391,0.727756,2.432205,0.736998,0.013201,-0.886041
392,0.739774,2.19417,0.705839,0.015044,-1.191528
393,0.732177,1.983815,0.661203,0.011787,-0.923083
394,0.729058,2.411389,0.734602,0.013397,-0.982469
395,0.712442,2.207633,0.666741,0.010775,-0.737017
396,0.730519,2.261084,0.709918,0.012863,-1.006191
397,0.728864,2.128401,0.682905,0.011873,-0.71784
398,0.732219,2.15049,0.692107,0.01263,-1.076842
399,0.730731,2.408404,0.736008,0.013824,-1.139615
400,0.728154,2.350339,0.72271,0.012818,-0.863796
401,0.729513,2.01782,0.663424,0.011504,-0.687925
402,0.721373,2.209741,0.68421,0.011239,-0.679237
403,0.729173,2.229832,0.702318,0.012407,-0.85495
404,0.719847,2.586703,0.751791,0.012461,-0.622302
405,0.729809,2.34076,0.723232,0.013159,-1.005197
406,0.726192,2.543965,0.754331,0.013498,-0.788477
407,0.730573,2.311681,0.718901,0.013156,-1.039689
408,0.730975,2.401059,0.73528,0.013844,-1.152869
409,0.726891,2.151124,0.6837,0.011662,-0.623174
410,0.732575,2.022875,0.669521,0.012045,-1.003405
411,0.727393,2.788069,0.797645,0.01574,-1.10414
412,0.721858,2.392114,0.719277,0.011914,-0.631082
413,0.735976,1.940696,0.658984,0.012322,-1.111674
414,0.733525,2.456985,0.746321,0.014997,-1.21873
415,0.727584,2.332061,0.718279,0.012601,-0.777455
416,0.727659,2.394835,0.729915,0.012956,-0.840887
417,0.730675,2.709071,0.786625,0.016145,-1.247301
418,0.73055,2.124832,0.684879,0.012158,-0.89264
419,0.727924,2.299916,0.712686,0.012513,-0.774171
420,0.725876,2.009624,0.655381,0.011038,-0.650201
421,0.728829,2.399569,0.73218,0.013265,-0.94843
422,0.729647,2.250363,0.706517,0.012611,-0.914054
423,0.725032,2.334362,0.714147,0.012145,-0.611491
424,0.73171,2.164701,0.694054,0.012603,-1.046291
425,0.730071,2.258813,0.708633,0.012743,-0.959307
426,0.727276,2.260256,0.704384,0.0122,-0.676893
427,0.719992,2.659585,0.765265,0.012864,-0.604936
428,0.734339,2.485049,0.752205,0.015516,-1.231126
429,0.726152,2.627121,0.769486,0.014074,-0.855293
430,0.723503,2.092848,0.666529,0.011075,-0.67129
431,0.73483,2.36559,0.731897,0.014736,-1.208945
432,0.732499,2.21757,0.704645,0.013092,-1.129994
433,0.737438,2.003007,0.671908,0.013041,-1.146612
434,0.732419,2.357451,0.728639,0.013934,-1.174003
435,0.727407,2.545504,0.756599,0.013831,-0.930109
436,0.721439,2.478269,0.734475,0.012211,-0.620416
437,0.722316,2.548301,0.749057,0.012697,-0.598211
438,0.729213,2.574479,0.762603,0.014525,-1.112965
439,0.731371,2.578084,0.765101,0.01524,-1.220845
440,0.72944,2.49651,0.750208,0.014054,-1.087674
441,0.723126,2.191584,0.684286,0.011349,-0.654013
442,0.729684,2.393463,0.732594,0.013441,-1.040098
443,0.726871,2.186198,0.690147,0.011805,-0.62927
444,0.722693,2.606035,0.760626,0.013086,-0.597182
445,0.734543,2.256646,0.713243,0.013877,-1.181457
446,0.735637,2.518783,0.758118,0.01625,-1.240969
447,0.727629,2.280233,0.708847,0.012364,-0.726444
448,0.731749,2.234499,0.706348,0.013001,-1.099879
449,0.728039,2.259381,0.705562,0.01234,-0.749506
450,0.729282,2.293151,0.71371,0.012759,-0.913743
451,0.732987,2.216854,0.704896,0.013198,-1.142885
452,0.722588,1.852434,0.61953,0.010467,-0.728653
453,0.728418,1.843947,0.628692,0.010789,-0.643979
454,0.723335,2.076726,0.663212,0.011015,-0.677957
455,0.722101,2.527653,0.744951,0.012554,-0.602537
456,0.727741,2.300043,0.712547,0.012477,-0.755965
457,0.730156,2.709952,0.786227,0.015964,-1.239103
458,0.731815,2.482687,0.749205,0.014634,-1.200895
459,0.728503,2.585002,0.764807,0.014429,-1.069271
460,0.728857,2.47016,0.744702,0.013715,-1.008943
461,0.72941,2.351002,0.724285,0.013118,-0.969661
462,0.718102,2.324591,0.699261,0.011304,-0.705431
463,0.721008,2.49829,0.737491,0.012234,-0.622742
464,0.726955,2.184066,0.689895,0.011809,-0.631502
465,0.731541,2.58347,0.766486,0.015361,-1.22797
466,0.727883,2.268869,0.70708,0.012356,-0.741953
467,0.733825,2.519705,0.757315,0.015601,-1.234539
468,0.73617,2.349228,0.729844,0.015038,-1.210733
469,0.73553,1.928426,0.656112,0.01216,-1.10012
470,0.733111,2.611047,0.772023,0.016136,-1.250092
471,0.728627,2.067632,0.671074,0.011575,-0.660912
472,0.731519,2.221434,0.703895,0.01287,-1.075714
473,0.726295,2.235196,0.6982,0.011923,-0.623471
474,0.728601,2.490777,0.748221,0.013791,-0.998709
475,0.737373,2.465882,0.750374,0.016439,-1.234624
476,0.72686,2.264366,0.70436,0.012144,-0.655403
477,0.735813,2.247047,0.713119,0.014207,-1.190247
478,0.731232,2.51458,0.75455,0.014704,-1.202273
479,0.730876,2.314375,0.71954,0.013257,-1.090817
480,0.729917,2.405416,0.734724,0.013572,-1.064676
481,0.72471,2.417293,0.729159,0.012485,-0.614952
482,0.729046,2.347548,0.723271,0.01301,-0.929878
483,0.723859,2.307156,0.707114,0.011854,-0.617318
484,0.733411,2.803637,0.802825,0.018121,-1.28949
485,0.718769,2.165729,0.670903,0.010945,-0.721491
486,0.732101,2.163914,0.694384,0.01268,-1.078159
487,0.728623,2.460235,0.742403,0.013581,-0.972407
488,0.720006,2.530879,0.741583,0.012227,-0.632236
489,0.724466,2.262488,0.699888,0.011763,-0.617204
490,0.731243,2.143909,0.68975,0.012375,-0.965032
491,0.728044,2.449778,0.740306,0.013363,-0.925966
492,0.727442,2.330797,0.717929,0.012569,-0.7607
493,0.733075,2.048477,0.674798,0.012258,-1.062724
494,0.731489,2.523366,0.755932,0.014843,-1.207892
495,0.734919,1.749005,0.621777,0.011259,-0.983665
496,0.729094,2.031055,0.665053,0.011494,-0.668199
497,0.726118,2.423983,0.733255,0.012782,-0.70559
498,0.729899,2.479542,0.747608,0.01407,-1.121307
499,0.728282,2.511571,0.751369,0.013841,-0.978828
500,0.731014,2.282238,0.714092,0.013101,-1.079562
501,0.727028,2.435303,0.73628,0.013045,-0.799736
502,0.731139,2.062686,0.674296,0.011968,-0.89327
503,0.723396,2.455751,0.734117,0.012434,-0.602875
504,0.734816,2.083259,0.68312,0.012858,-1.137518
505,0.730121,2.10731,0.681015,0.011995,-0.834699
506,0.726431,2.467735,0.741275,0.013101,-0.760216
507,0.727001,2.297987,0.710929,0.01233,-0.679592
508,0.728708,2.305752,0.715461,0.012709,-0.874085
509,0.729933,2.246174,0.706224,0.012644,-0.93424
510,0.726402,2.144686,0.681601,0.011567,-0.618724
511,0.731041,2.314577,0.719645,0.013298,-1.102555
512,0.727653,2.5809,0.762844,0.014149,-0.967025
513,0.725269,2.21254,0.692183,0.011679,-0.616739
514,0.733865,2.484342,0.751073,0.015319,-1.227049
515,0.729067,2.620371,0.770485,0.014838,-1.132395
516,0.727199,2.407495,0.731538,0.012925,-0.796874
517,0.734266,2.0467,0.676171,0.012525,-1.115202
518,0.727565,2.54053,0.7557,0.013829,-0.940541
519,0.733612,2.244171,0.710055,0.013538,-1.166122
520,0.731106,2.244805,0.707773,0.012908,-1.060363
521,0.729996,2.593253,0.76717,0.014947,-1.193652
522,0.729311,2.243132,0.704932,0.012508,-0.878504
523,0.734273,2.272467,0.715873,0.013912,-1.182694
524,0.73044,2.302136,0.717277,0.013074,-1.034313
525,0.723516,2.090247,0.666068,0.011068,-0.671673
526,0.729163,2.197361,0.69581,0.012248,-0.815283
527,0.72857,2.217751,0.698595,0.012235,-0.766578
528,0.729597,2.058433,0.671095,0.011685,-0.727925
529,0.734413,2.376301,0.733069,0.014661,-1.207123
530,0.725777,2.41679,0.730707,0.012686,-0.660671
531,0.730402,2.090622,0.678463,0.011969,-0.848285
532,0.731734,2.163475,0.69386,0.0126,-1.047614
533,0.726693,2.35406,0.720957,0.01255,-0.693537
534,0.728665,2.621454,0.770401,0.014734,-1.103058
535,0.730216,2.381462,0.730613,0.013491,-1.061244
536,0.727732,2.388042,0.728877,0.012939,-0.844809
537,0.731597,2.143105,0.690123,0.012462,-1.017718
538,0.732951,2.330183,0.724715,0.013923,-1.181223
539,0.725238,1.899091,0.633299,0.010693,-0.686964
540,0.723544,2.415539,0.726786,0.012267,-0.605614
541,0.72756,2.245648,0.702279,0.012185,-0.689954
542,0.725347,2.385917,0.724583,0.01245,-0.62961
543,0.723041,2.407328,0.724255,0.012149,-0.610881
544,0.735693,2.51261,0.757084,0.016214,-1.239915
545,0.717581,2.381737,0.708863,0.011421,-0.701901
546,0.728453,2.190245,0.693514,0.012085,-0.729887
547,0.732272,2.296936,0.718278,0.013513,-1.15496
548,0.7283,2.309949,0.715544,0.012629,-0.843805
549,0.732531,1.960094,0.657328,0.01174,-0.937226
550,0.725564,2.374476,0.722783,0.012434,-0.63512
551,0.730413,2.039496,0.668788,0.011735,-0.797253
552,0.734784,2.183133,0.700967,0.01347,-1.165814
553,0.731805,1.991264,0.662111,0.011757,-0.894078
554,0.724271,2.240972,0.695598,0.011654,-0.623784
555,0.71514,2.270689,0.683325,0.010998,-0.730485
556,0.724843,2.252769,0.698881,0.011778,-0.614992
557,0.726162,2.199077,0.69112,0.01175,-0.61695
558,0.728188,2.406618,0.732964,0.013136,-0.907042
559,0.73457,2.230542,0.708921,0.013717,-1.175498
560,0.736672,2.346485,0.729623,0.01518,-1.211623
561,0.728959,2.298662,0.714402,0.012722,-0.889763
562,0.734472,2.338813,0.726851,0.014404,-1.199548
563,0.73566,2.211841,0.706431,0.013899,-1.181727
564,0.722927,2.514813,0.744243,0.012643,-0.599394
565,0.725893,2.077562,0.668111,0.011258,-0.633281
566,0.738067,1.977603,0.668305,0.013054,-1.1447
567,0.731576,2.452238,0.744231,0.01435,-1.189447
568,0.728055,2.323669,0.717619,0.012651,-0.825364
569,0.733008,2.328784,0.724571,0.013933,-1.181721
570,0.722967,2.432602,0.728775,0.012249,-0.607832
571,0.733783,2.366349,0.731621,0.014417,-1.200527
572,0.736137,2.526232,0.759912,0.01651,-1.243439
573,0.722727,2.419418,0.726024,0.012154,-0.612735
574,0.728101,2.406105,0.732872,0.013116,-0.895507
575,0.731078,2.20267,0.700152,0.012661,-1.006963
576,0.726073,2.535762,0.753005,0.013421,-0.771872
577,0.72839,2.176796,0.69098,0.012012,-0.712117
578,0.723905,2.312087,0.708093,0.01188,-0.615864
579,0.736316,1.827799,0.63847,0.011834,-1.081858
580,0.724247,2.203468,0.688618,0.011513,-0.632145
581,0.737912,2.081041,0.685799,0.013662,-1.165474
582,0.727872,2.418521,0.734613,0.013141,-0.887778
583,0.72514,2.389165,0.724819,0.012428,-0.622588
584,0.730477,2.228726,0.703903,0.012673,-0.974734
585,0.723795,2.084067,0.665421,0.011074,-0.668617
586,0.724748,2.297536,0.707074,0.011947,-0.611266
587,0.738678,2.141808,0.697496,0.014347,-1.180544
588,0.723556,2.398575,0.723637,0.012195,-0.607232
589,0.728844,2.532676,0.756269,0.014156,-1.064835
590,0.729662,2.347255,0.724056,0.013157,-0.994093
591,0.731261,2.033444,0.669136,0.011854,-0.879354
592,0.737166,2.127516,0.693484,0.013773,-1.172003
593,0.732616,2.451662,0.745059,0.014682,-1.208084
594,0.734159,2.05495,0.677546,0.012547,-1.115544
595,0.725488,2.282406,0.705373,0.011996,-0.614029
596,0.72914,2.339367,0.721912,0.012985,-0.932642
597,0.729002,2.371791,0.727474,0.013141,-0.944231
598,0.716357,2.572901,0.742204,0.011931,-0.681941
599,0.725604,2.674062,0.776667,0.014258,-0.825214
600,0.722745,2.437417,0.729339,0.012235,-0.609547
601,0.725806,2.367123,0.72173,0.012442,-0.643594
602,0.728894,2.560458,0.760965,0.014366,-1.087628
603,0.736449,2.304775,0.722488,0.014791,-1.203243
604,0.726992,2.200083,0.692892,0.011882,-0.637745
605,0.731703,2.58287,0.766688,0.01542,-1.230511
606,0.724922,2.525392,0.749464,0.013086,-0.666398
607,0.723311,2.486017,0.73958,0.012568,-0.601201
608,0.725989,1.77675,0.611585,0.010466,-0.700785
609,0.727053,2.672215,0.777161,0.01462,-0.974113
610,0.733262,2.551758,0.761963,0.015669,-1.237877
611,0.739918,1.957306,0.666357,0.013428,-1.148698
612,0.71791,2.378011,0.708797,0.011437,-0.697618
613,0.738015,2.20075,0.706306,0.01454,-1.18906
614,0.724896,2.100614,0.670599,0.011229,-0.645234
615,0.725743,2.112766,0.674435,0.011365,-0.627844
616,0.732729,2.208547,0.703396,0.013088,-1.135054
617,0.724131,2.193115,0.686413,0.011462,-0.636631
618,0.736368,2.337995,0.727994,0.015013,-1.209177
619,0.729552,2.079574,0.674893,0.011769,-0.741904
620,0.73323,2.252145,0.711023,0.013484,-1.162353
621,0.719803,2.237138,0.68629,0.011192,-0.697709
622,0.729824,2.715967,0.787248,0.015912,-1.234008
623,0.733543,2.225648,0.706747,0.013404,-1.159833
624,0.72794,2.778126,0.795869,0.015815,-1.143681
625,0.730639,2.249385,0.707973,0.012822,-1.002013
626,0.731473,2.529168,0.756911,0.014884,-1.209224
627,0.721984,2.606748,0.759252,0.012948,-0.593821
628,0.732055,2.271451,0.713876,0.013308,-1.13997
629,0.726391,2.146674,0.681949,0.011573,-0.618624
630,0.724978,2.442382,0.734421,0.012657,-0.632255
631,0.73002,2.47646,0.747178,0.014085,-1.130435
632,0.723579,2.106616,0.669249,0.011122,-0.666786
633,0.719033,2.18982,0.675886,0.011017,-0.716476
634,0.727473,2.151771,0.684835,0.01175,-0.641516
635,0.728171,2.865882,0.810827,0.016744,-1.206347
636,0.722267,2.226725,0.689122,0.011375,-0.660526
637,0.72892,2.070666,0.672175,0.011631,-0.677597
638,0.727846,2.453613,0.740908,0.013342,-0.905531
639,0.727681,2.290999,0.710885,0.012426,-0.741572
640,0.727533,2.447397,0.739311,0.013235,-0.871154
641,0.722013,2.441368,0.728756,0.012139,-0.619073
642,0.739662,2.253093,0.715936,0.015476,-1.20171
643,0.732394,2.451178,0.744615,0.0146,-1.20495
644,0.733395,1.892422,0.646263,0.011595,-0.965536
645,0.726599,2.109579,0.675435,0.011459,-0.620768
646,0.733314,2.060241,0.677266,0.012377,-1.083636
647,0.726494,1.926471,0.640798,0.010852,-0.65895
648,0.726759,2.383907,0.726729,0.012711,-0.732065
649,0.74007,2.398146,0.740003,0.016859,-1.226388
650,0.731159,2.758761,0.795399,0.016813,-1.268202
651,0.718983,2.267643,0.690314,0.011213,-0.704188
652,0.735764,2.300578,0.721789,0.014556,-1.200316
653,0.738345,2.222834,0.710364,0.014812,-1.193926
654,0.726306,2.315909,0.713019,0.012286,-0.648623
655,0.738262,2.37702,0.735765,0.015991,-1.220422
656,0.732925,2.397183,0.736712,0.014401,-1.199036
657,0.729718,2.439371,0.740331,0.013738,-1.071088
658,0.740881,2.137135,0.697573,0.015006,-1.1845
659,0.728512,2.140506,0.684564,0.011868,-0.694589
660,0.720942,2.261433,0.693042,0.011357,-0.674691
661,0.733878,2.061723,0.678491,0.012504,-1.104225
662,0.7331,2.602078,0.770456,0.016053,-1.248078
663,0.735845,2.510508,0.75699,0.016257,-1.23997
664,0.723874,2.063997,0.661769,0.01102,-0.672097
665,0.733693,2.400537,0.737051,0.014625,-1.207511
666,0.722356,2.269761,0.697381,0.011526,-0.649256
667,0.734059,2.479962,0.750467,0.015347,-1.226833
668,0.722422,2.099279,0.665656,0.011007,-0.688177
669,0.734052,2.182044,0.699684,0.013267,-1.154995
670,0.730813,2.138802,0.687677,0.012276,-0.930169
671,0.725479,2.391912,0.725852,0.012504,-0.63707
672,0.735719,2.088603,0.68536,0.013121,-1.151563
673,0.721702,2.186607,0.680536,0.0112,-0.679284
674,0.731272,2.253671,0.709337,0.012998,-1.079907
675,0.732865,2.179178,0.698219,0.01295,-1.125439
676,0.726283,2.419733,0.73259,0.012801,-0.711809
677,0.74379,2.04258,0.68323,0.015257,-1.172361
678,0.722161,1.950758,0.637196,0.010638,-0.722223
679,0.726144,2.237789,0.698339,0.01191,-0.620134
680,0.71698,2.414576,0.713814,0.011467,-0.704382
681,0.722785,2.290354,0.702012,0.011649,-0.637397
682,0.727472,2.101069,0.675423,0.011543,-0.627867
683,0.734454,1.958127,0.660325,0.012088,-1.082678
684,0.730663,2.652395,0.777047,0.01563,-1.231542
685,0.729805,2.538964,0.757473,0.014453,-1.153604
686,0.720426,2.553047,0.746679,0.012395,-0.620244
687,0.72751,2.400102,0.730643,0.012955,-0.827466
688,0.729939,2.310614,0.717917,0.013011,-0.992102
689,0.725828,2.440753,0.735729,0.012812,-0.689374
690,0.723278,2.29696,0.70425,0.011737,-0.627996
691,0.725682,2.180631,0.686996,0.011611,-0.617788
692,0.727615,2.167567,0.687792,0.01184,-0.652877
693,0.732853,2.453935,0.745692,0.014775,-1.211504
694,0.726923,2.52987,0.753064,0.013603,-0.86505
695,0.73133,2.273039,0.712667,0.013123,-1.096421
696,0.733919,2.274519,0.715987,0.013829,-1.179159
697,0.730145,2.280432,0.712793,0.012887,-0.987196
698,0.727237,2.558604,0.758795,0.013879,-0.921162
699,0.724618,2.157869,0.68089,0.011393,-0.636092
700,0.741692,2.391089,0.739487,0.017433,-1.225953
701,0.725364,2.204818,0.690898,0.01166,-0.617
702,0.736465,2.324147,0.725682,0.014938,-1.20687
703,0.730501,2.222145,0.702736,0.012641,-0.971239
704,0.722611,2.189038,0.682729,0.011288,-0.663499
705,0.722973,2.492838,0.740168,0.012538,-0.60092
706,0.734378,2.218502,0.706802,0.01359,-1.170331
707,0.724757,2.461151,0.737729,0.012707,-0.632155
708,0.72576,2.270307,0.703635,0.011987,-0.616963
709,0.728018,2.082331,0.672877,0.011546,-0.640308
710,0.730178,2.026477,0.666021,0.01164,-0.75775
711,0.737674,2.425607,0.743827,0.0162,-1.228054
712,0.735566,2.27558,0.717895,0.014339,-1.194944
713,0.727232,2.170217,0.687799,0.011794,-0.637527
714,0.726854,2.246518,0.701132,0.012063,-0.648363
715,0.730345,2.531698,0.756951,0.014575,-1.182107
716,0.735247,2.265912,0.715599,0.014157,-1.190863
717,0.736102,2.428813,0.743191,0.015644,-1.225367
718,0.727978,2.108135,0.677555,0.011644,-0.647322
719,0.729976,2.306989,0.717356,0.013001,-0.993167
720,0.728288,2.284608,0.71043,0.012511,-0.801081
721,0.73254,2.286746,0.716613,0.013515,-1.156878
722,0.725933,2.444467,0.73651,0.01285,-0.701237
723,0.724723,2.007494,0.652789,0.010931,-0.671232
724,0.723887,2.469842,0.737348,0.01259,-0.604759
725,0.729264,2.430138,0.738499,0.013568,-1.024446
726,0.733343,1.92107,0.651587,0.011712,-0.986102
727,0.731346,2.609078,0.770278,0.015487,-1.227609
728,0.733727,2.305261,0.721357,0.01399,-1.185028
729,0.732143,2.392816,0.734729,0.014109,-1.181602
730,0.726094,2.333094,0.715841,0.012327,-0.644691
731,0.729359,2.242738,0.70488,0.012514,-0.882283
732,0.737079,2.206409,0.706896,0.014292,-1.187152
733,0.727699,2.092052,0.674202,0.011541,-0.632319
734,0.728014,2.436439,0.738014,0.013275,-0.911361
735,0.731387,2.031678,0.668978,0.011868,-0.889624
736,0.73247,2.269363,0.713665,0.013392,-1.1501
737,0.734216,2.4033,0.737549,0.014803,-1.211768
738,0.734642,2.375209,0.733314,0.014743,-1.209703
739,0.734309,2.505057,0.755565,0.015673,-1.234986
740,0.727255,2.383094,0.727078,0.012803,-0.783679
741,0.72553,2.226344,0.695187,0.01177,-0.614599
742,0.735314,2.547286,0.762531,0.016375,-1.245462
743,0.733297,2.038081,0.673195,0.012252,-1.069124
744,0.720828,2.354599,0.710275,0.011646,-0.656176
745,0.734113,2.35865,0.730187,0.014444,-1.201564
746,0.721671,2.072856,0.659205,0.010886,-0.706945
747,0.717492,1.799696,0.60098,0.010248,-0.732303
748,0.727303,2.103654,0.675539,0.01153,-0.624721
749,0.732341,2.615615,0.772315,0.015908,-1.245176
750,0.721314,2.213934,0.684813,0.011244,-0.679281
751,0.73396,2.41259,0.738982,0.014792,-1.212072
752,0.736968,2.129095,0.693709,0.013734,-1.171546
753,0.732768,2.175373,0.697381,0.012907,-1.119955
754,0.739368,2.339782,0.730501,0.016094,-1.216112
755,0.727812,2.019774,0.66073,0.01128,-0.62656
756,0.724303,2.409664,0.726935,0.012371,-0.607108
757,0.73305,2.368451,0.731801,0.014232,-1.193113
758,0.725582,2.329972,0.714561,0.012226,-0.623155
759,0.733219,2.243899,0.70963,0.013431,-1.159756
760,0.733018,2.29213,0.717692,0.01368,-1.170334
761,0.727337,2.293763,0.710901,0.012375,-0.708226
762,0.727401,2.054108,0.666446,0.011355,-0.623978
763,0.722191,2.241664,0.691713,0.011413,-0.658492
764,0.730916,1.988569,0.66016,0.011596,-0.803626
765,0.72312,2.750438,0.786945,0.014138,-0.654842
766,0.731691,2.498502,0.751842,0.014716,-1.203732
767,0.734727,2.124467,0.69062,0.013094,-1.148761
768,0.727273,2.07817,0.670709,0.011428,-0.623098
769,0.73298,2.238548,0.708463,0.013321,-1.147709
770,0.717264,2.266678,0.686733,0.011099,-0.720555
771,0.719446,2.325126,0.701992,0.011414,-0.685064
772,0.73369,2.352383,0.729496,0.014307,-1.196543
773,0.730325,2.102583,0.68053,0.012011,-0.851418
774,0.734226,2.39438,0.736015,0.014738,-1.209877
775,0.726327,2.501067,0.747223,0.013272,-0.773897
776,0.726798,2.426868,0.73437,0.012948,-0.768072
777,0.723005,2.332514,0.710379,0.011837,-0.625067
778,0.732694,2.212196,0.704067,0.013106,-1.135699
779,0.734161,2.136528,0.691825,0.013016,-1.143561
780,0.725252,2.073682,0.66627,0.011179,-0.645555
781,0.725006,2.313772,0.710398,0.012055,-0.61101
782,0.724164,2.263471,0.699569,0.011726,-0.62101
783,0.724966,2.239838,0.696733,0.011745,-0.615633
784,0.730237,2.258734,0.708907,0.012782,-0.976666
785,0.726486,2.690998,0.780036,0.014619,-0.928377
786,0.733146,2.487355,0.751356,0.015114,-1.222549
787,0.73385,2.40275,0.737338,0.014687,-1.209101
788,0.731179,2.327594,0.722162,0.01342,-1.120488
789,0.726456,2.462421,0.740404,0.013078,-0.759189
790,0.721562,2.116975,0.667314,0.010993,-0.697699
791,0.723185,1.81171,0.613028,0.010414,-0.728865
792,0.735606,2.569701,0.766403,0.016691,-1.250183
793,0.732167,2.506313,0.754043,0.014957,-1.216554
794,0.723087,2.356974,0.715096,0.011946,-0.618917
795,0.735374,2.301631,0.721854,0.014448,-1.199073
796,0.736593,1.953745,0.662361,0.012527,-1.124606
797,0.73159,2.59542,0.768701,0.015486,-1.232265
798,0.725636,2.685498,0.77869,0.01435,-0.838243
799,0.735422,2.14019,0.693956,0.01336,-1.161593
800,0.716864,2.682617,0.763636,0.012468,-0.648874
801,0.73841,2.254417,0.71557,0.01507,-1.199548
802,0.727162,2.257598,0.703626,0.012166,-0.66808
803,0.731201,2.326171,0.721882,0.013414,-1.120704
804,0.729784,2.219883,0.701254,0.012482,-0.90239
805,0.730259,2.155425,0.690335,0.012247,-0.893689
806,0.737589,2.142784,0.696285,0.013989,-1.17667
807,0.724419,2.289386,0.704856,0.011863,-0.613771
808,0.7288,2.430593,0.737519,0.013444,-0.969006
809,0.72672,2.120837,0.67772,0.011518,-0.620108
810,0.73063,2.333181,0.722708,0.013312,-1.083712
811,0.729462,2.172203,0.69172,0.012183,-0.824264
812,0.738552,2.119569,0.693334,0.014141,-1.175845
813,0.731054,2.589619,0.766797,0.015231,-1.219891
814,0.72653,2.296165,0.709711,0.012234,-0.651917
815,0.732187,2.344334,0.726166,0.013789,-1.167956
816,0.722895,2.431522,0.728468,0.012232,-0.608758
817,0.729998,2.268505,0.710275,0.012781,-0.960476
818,0.721933,1.834345,0.614922,0.010411,-0.731276
819,0.723813,2.281319,0.702308,0.011748,-0.622656
820,0.727298,2.434769,0.736527,0.013104,-0.830895
821,0.721537,2.156138,0.674628,0.011096,-0.688924
822,0.723657,2.48067,0.739005,0.012601,-0.60291
823,0.723953,2.629641,0.76672,0.013507,-0.651839
824,0.734967,2.370345,0.732979,0.014822,-1.210732
825,0.730032,2.118153,0.68291,0.012032,-0.836054
826,0.72249,2.483681,0.737448,0.012407,-0.605186
827,0.724257,2.131858,0.675284,0.011267,-0.648545
828,0.728768,2.448553,0.74065,0.01355,-0.979843
829,0.733644,2.112674,0.687341,0.012739,-1.119503
830,0.737526,2.302766,0.723449,0.015154,-1.206434
831,0.74063,2.105408,0.691693,0.014662,-1.17808
832,0.733048,2.096411,0.683478,0.012519,-1.091384
833,0.723423,2.178083,0.682297,0.011334,-0.65197
834,0.73724,2.534534,0.76112,0.016994,-1.246076
835,0.72605,2.171906,0.685997,0.011628,-0.617319
836,0.730538,2.308059,0.718224,0.013124,-1.038185
837,0.725514,2.278008,0.704604,0.011981,-0.614085
838,0.723749,2.185123,0.68416,0.011391,-0.644859
839,0.736204,2.678302,0.783865,0.017966,-1.269936
840,0.72409,2.260541,0.698916,0.011705,-0.622637
841,0.718209,2.098257,0.657319,0.010767,-0.729589
842,0.735194,2.115087,0.689696,0.013157,-1.153083
843,0.719689,2.287342,0.695404,0.011323,-0.689076
844,0.718494,2.420815,0.717998,0.011622,-0.680347
845,0.727097,2.34162,0.719506,0.012558,-0.733855
846,0.733506,2.987942,0.829883,0.020197,-1.322268
847,0.73608,2.386588,0.735979,0.015294,-1.2174
848,0.726179,2.660933,0.775639,0.014332,-0.880809
849,0.725938,2.320264,0.713362,0.012243,-0.633703
850,0.729583,1.916069,0.644393,0.011133,-0.651773
851,0.736995,2.115353,0.691384,0.01365,-1.16885
852,0.727782,2.39576,0.730356,0.012993,-0.857802
853,0.738816,2.503002,0.756785,0.01732,-1.242604
854,0.729518,2.135856,0.685109,0.012018,-0.793552
855,0.722626,2.295381,0.702673,0.011648,-0.638852
856,0.729343,2.236593,0.703767,0.012479,-0.875919
857,0.719307,1.87643,0.618104,0.010406,-0.732681
858,0.727912,2.442632,0.739081,0.013292,-0.904645
859,0.729235,2.397644,0.732475,0.013359,-0.991018
860,0.728939,2.015996,0.661969,0.011412,-0.655831
861,0.720412,2.528398,0.742073,0.012279,-0.625819
862,0.724541,2.486992,0.742116,0.012803,-0.630321
863,0.718675,2.206962,0.678383,0.011038,-0.717173
864,0.730084,2.095034,0.678583,0.01193,-0.81743
865,0.726826,2.426499,0.734336,0.012951,-0.770819
866,0.714106,2.325998,0.691566,0.011069,-0.7315
867,0.740436,2.126571,0.695019,0.014749,-1.181206
868,0.726237,2.345533,0.718305,0.012415,-0.656377
869,0.737572,2.111735,0.690903,0.013776,-1.170369
870,0.721761,2.629402,0.762946,0.013031,-0.592474
871,0.725399,2.338561,0.715774,0.012233,-0.619345
872,0.726409,1.872421,0.630446,0.010708,-0.672557
873,0.731316,2.482647,0.748972,0.014488,-1.193008
874,0.726832,1.966916,0.649019,0.010998,-0.643042
875,0.730202,2.436129,0.740134,0.013852,-1.117544
876,0.720262,2.160818,0.672909,0.01102,-0.708478
877,0.738755,2.288791,0.721157,0.015442,-1.20596
878,0.731464,2.521445,0.755614,0.014822,-1.207082
879,0.732131,2.210311,0.702561,0.012954,-1.108137
880,0.72864,2.255557,0.705701,0.012436,-0.814008
881,0.72849,2.248393,0.704065,0.012369,-0.787874
882,0.742257,2.152751,0.700378,0.01558,-1.188579
883,0.720314,2.285639,0.696343,0.011372,-0.679338
884,0.730838,2.362117,0.727718,0.013542,-1.117933
885,0.730383,1.996498,0.660761,0.011545,-0.751631
886,0.732599,2.184725,0.698775,0.01292,-1.117532
887,0.72162,2.080583,0.660558,0.010902,-0.705858
888,0.739384,2.565283,0.766485,0.018141,-1.252867
889,0.734514,2.385349,0.735007,0.014771,-1.209993
890,0.73797,2.497562,0.755277,0.016932,-1.240584
891,0.737861,2.188594,0.704112,0.014397,-1.186328
892,0.7293,2.250759,0.706264,0.012544,-0.883381
893,0.719647,1.994018,0.640577,0.010619,-0.730539
894,0.731672,2.351459,0.727274,0.013707,-1.158592
895,0.725792,2.597835,0.763626,0.013763,-0.787985
896,0.73511,2.159429,0.697207,0.013408,-1.163598
897,0.730241,2.520206,0.755064,0.014461,-1.172726
898,0.719923,2.303423,0.698931,0.011391,-0.681945
899,0.730652,2.071045,0.675247,0.011923,-0.855059
900,0.733125,1.899554,0.647049,0.011578,-0.943679
901,0.731288,2.431106,0.740935,0.014143,-1.177179
902,0.730308,2.191794,0.696775,0.012434,-0.926223
903,0.73059,2.576753,0.764637,0.014992,-1.207125
904,0.722848,2.290669,0.702175,0.011658,-0.636348
905,0.731908,2.075852,0.678313,0.012172,-0.985635
906,0.733387,2.396833,0.736314,0.01451,-1.203432
907,0.731126,2.654641,0.777985,0.015812,-1.23798
908,0.730763,2.28813,0.715023,0.01307,-1.055973
909,0.725977,2.404468,0.728814,0.012664,-0.667157
910,0.729778,2.277559,0.711626,0.012783,-0.945678
911,0.733757,2.470921,0.748674,0.015174,-1.22345
912,0.729209,2.024124,0.663973,0.011484,-0.671197
913,0.73544,2.162291,0.697737,0.013506,-1.16704
914,0.73691,2.422009,0.74313,0.015905,-1.226417
915,0.732748,2.376587,0.732717,0.01419,-1.191017
916,0.727042,1.904241,0.637628,0.010837,-0.653965
917,0.724504,2.439208,0.732752,0.012551,-0.612984
918,0.730607,2.133962,0.686577,0.012213,-0.905911
919,0.728597,2.235905,0.701933,0.012328,-0.787681
920,0.727147,2.213427,0.695507,0.011964,-0.649194
921,0.730395,2.194919,0.697569,0.012466,-0.934867
922,0.724386,1.993504,0.649464,0.010866,-0.68009
923,0.735386,2.074499,0.682763,0.012954,-1.144314
924,0.729322,2.476091,0.746708,0.013889,-1.066564
925,0.718616,2.380062,0.710637,0.011505,-0.686571
926,0.728759,2.352791,0.723845,0.012976,-0.911667
927,0.721052,2.617482,0.759861,0.012834,-0.598997
928,0.727375,2.034495,0.662759,0.01128,-0.625232
929,0.723632,2.489298,0.740561,0.012642,-0.602819
930,0.73459,2.623647,0.774621,0.016798,-1.258089
931,0.722391,2.361529,0.714508,0.011865,-0.629055
932,0.730739,2.228587,0.704354,0.012729,-0.993925
933,0.734315,2.36359,0.730814,0.014535,-1.203706
934,0.729559,1.866088,0.635007,0.010968,-0.641801
935,0.728721,2.663503,0.777421,0.015077,-1.133656
936,0.734527,2.15891,0.696724,0.013255,-1.156681
937,0.722461,2.402179,0.722367,0.01204,-0.619739
938,0.72344,2.563122,0.75372,0.012996,-0.605969
939,0.728403,2.301444,0.714127,0.012603,-0.848942
940,0.725192,2.195937,0.688878,0.011605,-0.619669
941,0.730091,2.262309,0.709338,0.01277,-0.965026
942,0.732585,2.035797,0.671903,0.012107,-1.014079
943,0.732564,2.025069,0.669927,0.012049,-1.003376
944,0.730367,2.277055,0.712586,0.01292,-1.006067
945,0.726519,2.214558,0.694781,0.01187,-0.625343
946,0.730172,2.183202,0.695043,0.012366,-0.906906
947,0.727642,2.56656,0.760376,0.014045,-0.956567
948,0.730273,2.458311,0.744284,0.014032,-1.138438
949,0.730832,2.132988,0.686636,0.012251,-0.926555
950,0.733478,2.424867,0.741113,0.014742,-1.211281
951,0.726034,2.379014,0.724109,0.01254,-0.658942
952,0.729368,2.508212,0.752224,0.014119,-1.09003
953,0.736022,2.415036,0.740735,0.015502,-1.222537
954,0.72899,2.421788,0.736283,0.01344,-0.982925
955,0.738204,2.232594,0.711982,0.014842,-1.195396
956,0.727322,2.537667,0.755166,0.013757,-0.913788
957,0.733558,2.372619,0.732783,0.014406,-1.200015
958,0.727853,2.31042,0.714594,0.012554,-0.778956
959,0.729484,2.355885,0.725282,0.013164,-0.981648
960,0.730942,2.138188,0.687755,0.012299,-0.942709
961,0.727104,2.396002,0.729225,0.012843,-0.777503
962,0.735045,2.165183,0.698091,0.013423,-1.164278
963,0.726631,2.204177,0.69308,0.011845,-0.626338
964,0.727602,2.113649,0.678026,0.011613,-0.634598
965,0.73815,2.251622,0.71514,0.014969,-1.198659
966,0.72888,2.491825,0.749115,0.013877,-1.03702
